Month,East_North_Central_(NSA),East_North_Central_(SA),"East South Central
(NSA)","East South Central
(SA)","Middle Atlantic
(NSA)","Middle Atlantic
(SA)","Mountain

(NSA)","Mountain

(SA)","New England

(NSA)","New England

(SA)","Pacific

(NSA)","Pacific

(SA)","South Atlantic
(NSA)","South Atlantic
(SA)","West North Central
(NSA)","West North Central
(SA)","West South Central
(NSA)","West South Central
(SA)","USA

(NSA)","USA

(SA)"
1991-01-01,100,100,100,100,100,100,100,100,100,100,100,100,100,100,100,100,100,100,100,100
1991-02-01,100.91,100.96,101,100.6,100.13,100.33,98.41,98.79,101.71,102.19,100.12,100.53,100.59,100.46,100.48,100.5,99.83,99.57,100.39,100.44
1991-03-01,101.31,100.92,100.86,100.44,100.07,99.84,100.24,100.66,101.49,101.3,99.96,100.12,101.01,100.62,100.41,100.13,100.63,100.49,100.68,100.48
1991-04-01,101.69,100.98,100.81,100.45,99.6,99.29,100.34,100.41,100.99,100.98,100.14,100.12,100.9,100.42,100.82,100.38,100.36,100.05,100.68,100.33
1991-05-01,102.33,101.36,101.14,100.75,99.72,99.25,100.71,100.52,99.71,99.76,100.31,100.07,100.77,100.49,100.78,100.31,100.76,100.26,100.84,100.39
1991-06-01,102.78,101.5,102.01,101.47,99.86,98.99,102.08,101.58,99.11,98.59,100.44,99.9,101.31,100.53,101.4,100.53,101.95,100.95,101.35,100.51
1991-07-01,102.97,101.84,101.92,101.45,100.33,99.25,101.55,101.4,99.09,98.7,100.41,99.84,101,100.42,101.29,100.34,101.8,100.87,101.32,100.55
1991-08-01,103.14,102.04,101.73,100.86,99.8,98.82,101.79,101.27,98.3,97.73,100.74,99.97,100.86,100.02,101.79,100.76,101.55,100.55,101.28,100.38
1991-09-01,102.84,102,101.98,101.18,100.39,99.48,101.98,101.8,99.87,98.99,100.24,99.46,100.69,100.07,101.6,100.85,102.12,101.44,101.36,100.62
1991-10-01,103.07,102.31,101.93,101.6,100.23,99.17,103.02,102.53,99.18,98.63,100.79,100.28,101.66,100.93,101.88,101.49,101.38,100.66,101.59,100.92
1991-11-01,103.97,103.34,102.74,102.17,101.11,100.22,103.96,103.74,98.12,97.21,100.83,100.59,102.03,101.2,101.79,101.44,101.83,101.22,102.03,101.42
1991-12-01,103.74,103.4,103.39,103.26,100.85,100.53,103.76,103.68,98.98,98.62,101.01,100.72,101.92,101.58,102.82,102.51,102.21,101.96,102.17,101.88
1992-01-01,103.86,103.88,103.3,103.32,100.85,100.88,104.41,104.48,99.73,99.74,100.97,100.96,101.87,101.86,102.33,102.35,102.35,102.35,102.22,102.24
1992-02-01,104.35,104.39,104.47,104.08,101.87,102.12,105.14,105.56,99.73,100.25,100.99,101.41,102.71,102.57,102.87,102.9,103.46,103.21,102.89,102.96
1992-03-01,105.52,105.14,104.24,103.79,101.52,101.32,105.56,105.99,99.62,99.47,100.65,100.81,102.63,102.26,103.94,103.63,102.82,102.69,103.01,102.82
1992-04-01,105.92,105.18,103.75,103.37,101.26,100.96,105.91,105.95,98.43,98.44,100.41,100.37,102.32,101.84,104.08,103.61,103.07,102.75,102.93,102.57
1992-05-01,106.53,105.53,104.51,104.11,100.96,100.45,106.61,106.36,97.44,97.44,100.46,100.19,102.3,102.02,104.33,103.82,103.16,102.61,103.08,102.6
1992-06-01,106.92,105.57,104.72,104.11,101.33,100.4,107.54,106.98,96.94,96.34,100.29,99.72,102.47,101.68,105.17,104.23,103.97,102.98,103.4,102.52
1992-07-01,107.13,105.94,105.23,104.69,101.57,100.42,107.49,107.27,97.13,96.64,100.61,99.99,102.79,102.17,105.7,104.67,104.27,103.32,103.69,102.87
1992-08-01,107.58,106.41,106.3,105.38,101.55,100.47,108.59,108,98.16,97.54,100.92,100.14,103.84,102.96,105.96,104.85,104.85,103.8,104.28,103.33
1992-09-01,107.57,106.68,106.66,105.84,102.27,101.34,108.71,108.46,98.28,97.41,100.96,100.17,104.11,103.45,106.29,105.46,104.86,104.16,104.49,103.72
1992-10-01,108.18,107.35,106.91,106.53,102.56,101.5,110.08,109.55,98.46,97.93,100.03,99.54,104.36,103.64,106.11,105.67,105.58,104.85,104.71,104.03
1992-11-01,108.4,107.75,106.88,106.28,103.12,102.27,110.39,110.17,99.4,98.54,99.81,99.6,104.25,103.42,106.44,106.04,105.98,105.35,104.91,104.31
1992-12-01,108.75,108.4,106.91,106.75,101.69,101.4,111.24,111.15,97.68,97.39,99.47,99.21,103.52,103.18,106.6,106.26,105.23,105.01,104.5,104.22
1993-01-01,108.46,108.53,106.95,106.98,100.98,101.05,111.72,111.89,96.53,96.53,98.61,98.64,103.32,103.25,107.24,107.31,105.35,105.36,104.24,104.27
1993-02-01,108.31,108.34,106.95,106.6,100.47,100.83,111.85,112.33,94.55,95.09,97.64,98.09,103.29,103.14,107.59,107.67,105.61,105.39,103.96,104.06
1993-03-01,109.28,108.93,108.41,107.94,100.86,100.7,112.1,112.56,95.62,95.55,98.07,98.22,104.03,103.66,107.18,106.85,106.09,105.95,104.57,104.39
1993-04-01,110.22,109.44,108.76,108.31,101.8,101.52,113.96,113.92,96.36,96.4,98.33,98.29,104.8,104.3,108.7,108.21,106.86,106.52,105.41,105.03
1993-05-01,110.84,109.79,109.17,108.71,102.41,101.82,115.04,114.71,96.36,96.22,98.19,97.89,104.71,104.41,109.48,108.89,107.72,107.06,105.8,105.26
1993-06-01,111.93,110.49,109.56,108.84,102.64,101.6,116.26,115.66,97.5,96.64,98.46,97.85,105.64,104.82,110.47,109.46,108.61,107.59,106.57,105.62
1993-07-01,112.15,110.88,109.9,109.28,102.43,101.18,116.98,116.61,97.21,96.53,97.52,96.83,105.63,104.94,111.03,109.9,109.09,108.1,106.58,105.67
1993-08-01,112.62,111.38,110.89,109.91,102.66,101.42,118.51,117.81,96.96,96.2,98.01,97.22,106.06,105.14,111.82,110.64,109.52,108.39,107.09,106.07
1993-09-01,113.11,112.15,111.83,110.98,102.39,101.48,119.56,119.17,96.84,95.96,97.68,96.94,106.17,105.45,112.34,111.42,109.43,108.7,107.26,106.45
1993-10-01,113.23,112.34,111.32,110.88,102.66,101.65,120.35,119.78,95.71,95.16,97.68,97.24,106.16,105.46,112.51,112.01,110.13,109.37,107.35,106.66
1993-11-01,113.55,112.89,112.2,111.61,102.54,101.79,121.16,120.97,97.09,96.35,96.99,96.82,106.47,105.67,112.94,112.48,110.45,109.76,107.59,107.01
1993-12-01,113.79,113.44,112.24,112.05,102.03,101.78,121.82,121.77,97.08,96.86,97,96.8,106.89,106.56,113.6,113.27,110.83,110.63,107.79,107.52
1994-01-01,114,114.15,112.75,112.8,102.39,102.53,122.31,122.62,95.93,95.94,96.69,96.77,106.55,106.43,113.6,113.8,110.42,110.43,107.7,107.77
1994-02-01,114.39,114.41,114.04,113.73,101.24,101.71,123.42,124.02,96.04,96.74,96.13,96.63,106.95,106.79,113.67,113.85,111.23,111.05,107.87,108.02
1994-03-01,115.13,114.8,114.13,113.66,101.72,101.59,124.48,124.95,97.66,97.79,96.4,96.51,107.43,107.04,115.14,114.77,112.18,112.04,108.56,108.38
1994-04-01,116.33,115.5,115.19,114.67,101.93,101.64,125.99,125.82,96.62,96.71,96.91,96.84,108.18,107.65,115.68,115.14,112.03,111.65,109.12,108.71
1994-05-01,117.17,116.04,115.59,115.05,102.66,101.96,127.78,127.33,97.26,97.01,96.81,96.42,108.16,107.82,116.18,115.47,113.44,112.64,109.7,109.07
1994-06-01,117.88,116.34,116.24,115.39,103.03,101.86,128.81,128.13,98.71,97.61,97.17,96.5,108.92,108.04,116.9,115.8,113.46,112.39,110.3,109.25
1994-07-01,117.91,116.53,116.47,115.76,103.36,101.97,129.17,128.6,98.05,97.18,97.05,96.24,109.1,108.33,117.57,116.32,113.36,112.33,110.4,109.37
1994-08-01,118.36,117.04,117.26,116.22,103.3,101.87,130.2,129.39,97.51,96.66,96.93,96.1,109.81,108.81,118.02,116.75,114.07,112.9,110.77,109.65
1994-09-01,118.38,117.34,116.91,116.08,102.22,101.33,130.53,129.98,97.62,96.78,96.95,96.27,109.74,108.95,117.63,116.63,113.72,112.94,110.55,109.71
1994-10-01,118.98,118.03,117.53,117.08,102.54,101.59,131.22,130.63,97.02,96.5,96.41,96.03,109.7,109.04,117.59,117,114.01,113.27,110.68,109.99
1994-11-01,119.14,118.48,118.34,117.77,101.7,101.1,131.27,131.15,97.06,96.54,95.85,95.72,110.43,109.67,118.32,117.82,114.22,113.49,110.78,110.23
1994-12-01,118.88,118.55,117.86,117.64,100.39,100.19,131.86,131.9,96.91,96.84,95.99,95.89,110.16,109.83,117.79,117.5,113.82,113.62,110.44,110.22
1995-01-01,119.07,119.32,117.67,117.71,100.38,100.58,131.4,131.88,96.22,96.25,95.89,96.05,110.32,110.13,117.77,118.11,113.85,113.88,110.41,110.53
1995-02-01,119.95,119.95,119.16,118.91,100.41,100.99,132.55,133.25,96.03,96.78,96.04,96.57,110.86,110.68,118.64,118.9,114.2,114.05,110.94,111.12
1995-03-01,120.46,120.13,119.66,119.19,101.13,101.02,132.77,133.18,96.7,96.98,95.63,95.68,110.68,110.24,119.47,119.08,114.14,113.95,111.16,110.97
1995-04-01,121.68,120.81,119.37,118.76,101.63,101.36,134.25,133.9,96.93,97.03,95.31,95.18,110.98,110.43,120.17,119.6,115.22,114.8,111.68,111.23
1995-05-01,122.02,120.79,119.94,119.32,101.85,101.07,134.73,134.16,97.77,97.39,96.06,95.57,110.94,110.54,120.84,119.98,115.79,114.86,112.11,111.38
1995-06-01,123.21,121.59,121.71,120.71,102.6,101.31,136.17,135.45,98.65,97.3,96.09,95.35,111.81,110.84,121.85,120.66,115.9,114.78,112.89,111.75
1995-07-01,123.68,122.19,122.08,121.3,102.72,101.21,136.67,135.91,98.99,97.94,96.49,95.6,112.5,111.7,122.46,121.07,116.8,115.7,113.4,112.27
1995-08-01,124.26,122.86,122.1,121.03,103.56,101.98,137.33,136.47,98.89,97.89,96.52,95.67,112.77,111.74,123.04,121.7,116.96,115.74,113.75,112.57
1995-09-01,124.5,123.38,122.44,121.64,102.3,101.44,137.95,137.28,98.34,97.48,96.03,95.43,112.99,112.17,123.41,122.33,117.31,116.49,113.68,112.81
1995-10-01,124.76,123.74,123.2,122.74,101.82,100.93,137.65,137.09,98.4,97.85,95.68,95.38,112.64,112.02,123.56,122.89,116.77,116.06,113.52,112.85
1995-11-01,124.69,124.02,123.44,122.89,101.56,101.08,137.56,137.56,98.15,97.81,95.52,95.44,113.09,112.43,123.42,122.84,117.41,116.66,113.59,113.09
1995-12-01,125.1,124.8,123.63,123.4,101.66,101.48,138.39,138.58,97.9,97.92,95.42,95.44,112.84,112.54,123.98,123.76,117.78,117.57,113.74,113.56
1996-01-01,124.85,125.2,123.76,123.78,101.38,101.63,138.17,138.83,99.96,100.08,95.48,95.73,113.56,113.35,123.42,123.88,117.24,117.27,113.81,113.98
1996-02-01,125.91,125.89,123.67,123.46,101.31,101.95,138.59,139.37,98.74,99.59,95.14,95.67,113.38,113.17,123.99,124.3,117.75,117.62,113.94,114.14
1996-03-01,126.73,126.36,124.51,124.04,102.4,102.32,139.97,140.26,98.82,99.27,95.67,95.66,114.48,113.97,125.35,124.93,118.22,118.01,114.79,114.57
1996-04-01,128.28,127.41,125.39,124.73,102.19,101.95,141.27,140.79,99.22,99.24,95.74,95.53,114.64,114.06,126.34,125.74,118.56,118.07,115.32,114.82
1996-05-01,128.96,127.61,126.27,125.55,103.15,102.31,141.5,140.84,100.44,99.95,96.15,95.52,114.75,114.24,126.98,125.94,119.37,118.35,115.92,115.08
1996-06-01,129.49,127.79,126.63,125.51,103.54,102.11,142.09,141.32,101.51,99.98,96.42,95.6,115.32,114.25,127.35,126.05,120.06,118.87,116.43,115.19
1996-07-01,130.09,128.47,127.64,126.79,103.68,102.06,142.96,142.08,101.16,99.92,96.79,95.84,115.66,114.81,128.16,126.63,119.91,118.73,116.8,115.58
1996-08-01,129.83,128.34,127.69,126.64,103.86,102.18,142.71,141.82,101.32,100.19,96.45,95.6,116.07,115.02,128.21,126.78,120.08,118.83,116.83,115.59
1996-09-01,130.05,128.86,127.72,126.97,102.84,101.98,143.1,142.34,101.58,100.63,96.26,95.74,116.18,115.33,128.44,127.3,120.08,119.2,116.77,115.88
1996-10-01,129.89,128.82,128.23,127.84,102.61,101.76,143.22,142.7,100.93,100.31,96.24,96,116.12,115.52,128.31,127.59,119.76,119.11,116.65,115.99
1996-11-01,130.68,130.03,128.04,127.48,102.76,102.38,142.98,143.05,100.41,100.17,96.37,96.32,115.85,115.29,128.49,127.87,120.09,119.36,116.77,116.32
1996-12-01,130.49,130.25,128.38,128.13,102.13,101.97,142.68,142.98,100.94,101.03,96.35,96.48,116.1,115.84,128.97,128.85,120.21,119.99,116.79,116.66
1997-01-01,129.93,130.34,128.4,128.34,102.21,102.44,143.19,143.96,101.18,101.35,95.91,96.23,116.43,116.2,128.31,128.84,119.84,119.89,116.65,116.83
1997-02-01,130.61,130.58,129.77,129.56,101.98,102.66,143.53,144.33,99.94,100.79,95.7,96.19,116.69,116.46,128.94,129.28,120.58,120.47,116.9,117.11
1997-03-01,131.8,131.37,129.74,129.28,102.51,102.45,144.72,144.83,100.86,101.37,96.9,96.82,117.73,117.21,130.3,129.86,121.08,120.83,117.83,117.58
1997-04-01,132.17,131.3,130.44,129.75,103.07,102.87,145.7,145.12,102.46,102.42,97.86,97.58,117.6,117.02,130.34,129.73,121.34,120.76,118.32,117.8
1997-05-01,133.57,132.1,130.28,129.48,104.44,103.59,146.12,145.41,102.89,102.33,98.56,97.8,117.85,117.25,131.86,130.69,122.4,121.34,119.16,118.24
1997-06-01,134.01,132.28,131.23,130.02,104.42,102.88,146.38,145.54,104.21,102.57,98.79,97.89,118.74,117.6,131.7,130.28,122.59,121.37,119.59,118.28
1997-07-01,134.37,132.63,131.53,130.62,104.78,103.07,146.87,145.93,104.16,102.79,99.55,98.6,118.13,117.26,132.88,131.25,122.89,121.62,119.88,118.59
1997-08-01,134.57,133.01,131.85,130.85,105.07,103.37,147.33,146.45,104.67,103.4,99.95,99.12,119.14,118.11,132.84,131.31,122.87,121.6,120.27,119.01
1997-09-01,134.47,133.22,131.37,130.61,104.15,103.21,147.34,146.58,104.1,103.05,99.93,99.45,119.06,118.19,133.39,132.2,122.89,122.02,120.1,119.18
1997-10-01,134.84,133.74,131.28,130.9,105.29,104.44,147.65,147.16,105.23,104.48,99.96,99.78,119.26,118.64,133.31,132.54,123.31,122.69,120.47,119.8
1997-11-01,134.76,134.13,131.98,131.41,103.92,103.53,147.34,147.44,105.12,104.91,100.81,100.78,119.91,119.44,133.27,132.62,123.94,123.26,120.63,120.2
1997-12-01,134.62,134.44,132.16,131.9,104.44,104.26,147.61,148.02,105.39,105.48,100.76,100.94,119.98,119.72,132.87,132.87,123.89,123.68,120.69,120.59
1998-01-01,134.59,135.02,132.78,132.6,104.07,104.22,147.48,148.29,103.98,104.22,101.35,101.73,120.02,119.78,134.36,134.91,124.32,124.41,120.85,121.04
1998-02-01,135.71,135.68,132.82,132.59,104.31,105.02,148.61,149.4,106.45,107.42,102.4,102.88,120.8,120.56,134.63,135.02,125,124.92,121.68,121.9
1998-03-01,136.57,136.09,134.02,133.6,105.79,105.8,149.52,149.5,106.6,107.23,103.48,103.33,121.41,120.86,135.47,135.06,125.59,125.32,122.57,122.3
1998-04-01,137.32,136.46,134.67,133.96,106.31,106.15,151.04,150.46,108.06,108,104.96,104.6,121.98,121.35,135.85,135.22,126.23,125.51,123.42,122.86
1998-05-01,138.41,136.84,135.51,134.64,107.03,106.22,151.53,150.77,109.23,108.63,106.1,105.19,122.48,121.76,137.36,136.05,127.28,126.19,124.35,123.34
1998-06-01,139.34,137.54,136.49,135.22,108.75,107.06,152.12,151.19,111.26,109.5,107.18,106.17,123.56,122.32,138.89,137.33,128.21,126.95,125.53,124.12
1998-07-01,139.7,137.85,136.25,135.3,108.78,107,152.69,151.76,111.57,109.99,107.54,106.57,123.63,122.66,139.27,137.51,129.12,127.72,125.84,124.45
1998-08-01,140.07,138.42,136.4,135.44,109.44,107.7,153.42,152.53,112.25,110.8,108.08,107.22,123.88,122.83,139.81,138.16,129.46,128.12,126.28,124.97
1998-09-01,140.56,139.21,137.51,136.68,109.51,108.42,153.62,152.89,113.09,111.87,108.37,107.86,124.71,123.79,140.38,139.12,129.65,128.74,126.77,125.78
1998-10-01,141.14,139.97,137.29,136.86,109.39,108.49,154.24,153.8,112.78,111.87,108.94,108.76,124.72,124.02,140.88,140.03,130.02,129.34,127.02,126.29
1998-11-01,141.45,140.85,138.36,137.76,109.52,109.05,154.23,154.28,114.22,113.99,109.54,109.53,125.16,124.74,142.42,141.73,130.36,129.71,127.57,127.14
1998-12-01,141.34,141.22,138.35,138.1,110.12,109.93,154.55,155.04,114.11,114.18,109.38,109.59,125.55,125.28,142.39,142.51,131.19,130.98,127.78,127.7
1999-01-01,141.35,141.76,138.86,138.52,110.55,110.61,154.61,155.44,114.41,114.79,110.7,111.14,126.25,125.99,142.64,143.16,131.11,131.3,128.25,128.43
1999-02-01,142.51,142.51,139.47,139.28,110.03,110.79,155.62,156.34,114.91,115.98,111.03,111.49,126.81,126.54,142.85,143.31,131.72,131.67,128.73,128.95
1999-03-01,143.47,142.94,140.35,139.97,110.72,110.81,157.97,157.87,115.93,116.6,112.7,112.49,127.58,127.05,144.43,144.03,132.32,131.99,129.82,129.53
1999-04-01,144.27,143.38,140.62,139.92,111.77,111.67,158.14,157.54,117.74,117.67,113.63,113.22,128.3,127.6,145.6,144.91,133.8,132.92,130.76,130.15
1999-05-01,146.01,144.34,141.48,140.59,113.23,112.46,159.4,158.59,119.37,118.72,114.85,113.84,129.32,128.48,146.96,145.5,134.59,133.42,132.02,130.93
1999-06-01,146.71,144.8,141.98,140.66,115.39,113.54,160.3,159.23,121.5,119.57,115.88,114.77,129.98,128.66,148.1,146.32,135.27,133.95,133.07,131.54
1999-07-01,147.49,145.49,142.27,141.27,116.22,114.32,160.96,160.04,122.7,120.79,116.27,115.29,130.55,129.44,148.7,146.75,136.31,134.8,133.76,132.26
1999-08-01,148.18,146.41,142.58,141.63,116.71,114.9,161.85,160.88,123.57,121.88,117.06,116.19,131.15,130.09,150.03,148.23,136.85,135.41,134.45,133.06
1999-09-01,148.17,146.7,143.15,142.25,116.43,115.15,163.01,162.29,124.35,122.91,117.5,116.93,131.23,130.23,149.26,147.9,136.52,135.58,134.55,133.45
1999-10-01,148.57,147.34,142.69,142.12,117.2,116.23,162.53,162.08,124.62,123.52,118.24,118.02,132.16,131.36,149.39,148.44,137.21,136.44,135.05,134.24
1999-11-01,148.28,147.65,143.63,143.03,117.3,116.71,163.17,163.14,124.57,124.26,118.72,118.75,132.14,131.75,150.01,149.28,137.54,136.93,135.27,134.82
1999-12-01,148.51,148.44,143.8,143.58,117.25,117.04,163.19,163.69,126.07,126.16,119.28,119.51,132.44,132.15,149.9,150.07,137.8,137.57,135.56,135.48
2000-01-01,149.68,150.1,144.54,144.09,119.03,119,164.02,164.88,126.95,127.53,121.82,122.32,133.54,133.29,150.65,151.14,138.62,138.9,136.88,137.08
2000-02-01,149.2,149.24,144.47,144.32,117.7,118.46,164.47,165.15,126.32,127.58,120.81,121.27,133.97,133.66,151.5,152.08,138.89,138.89,136.64,136.87
2000-03-01,151.26,150.71,144.77,144.43,119.34,119.53,166.15,166.03,128.72,129.47,123.14,122.93,134.73,134.25,153.09,152.68,140.3,139.93,138.22,137.95
2000-04-01,152.3,151.38,146.13,145.5,120.58,120.57,167.19,166.62,130.8,130.71,124.23,123.8,136.13,135.34,154.72,154,141.71,140.65,139.53,138.89
2000-05-01,153.51,151.75,146.22,145.35,121.64,120.87,168.08,167.22,133.04,132.34,125.99,124.9,136.91,135.95,155.91,154.33,142.37,141.12,140.63,139.46
2000-06-01,154.85,152.81,147.17,145.78,123.92,121.92,169.75,168.54,136.31,134.23,127.13,125.92,138.23,136.82,157.05,155.06,143.14,141.77,142.07,140.42
2000-07-01,155.67,153.52,147.48,146.4,124.61,122.62,170.07,169.11,137.13,134.86,127.98,126.93,138.88,137.57,157.88,155.75,143.95,142.34,142.78,141.15
2000-08-01,155.78,153.86,147.06,146.05,125.1,123.18,170.64,169.58,137.75,135.86,129.05,128.07,139.06,137.91,158.46,156.52,144.44,142.89,143.2,141.69
2000-09-01,155.91,154.31,147.18,146.2,126.25,124.72,170.58,169.83,139.12,137.43,130.11,129.4,139.87,138.76,158.78,157.29,144.55,143.53,143.8,142.57
2000-10-01,156.07,154.72,147.3,146.55,126.2,125.16,171.52,171.07,140.5,139.21,131.17,130.86,140.25,139.33,159.36,158.32,144.89,144.03,144.27,143.35
2000-11-01,155.93,155.3,147.71,147.1,127.2,126.45,172.26,172.19,140.3,139.91,132.37,132.41,140.51,140.09,159.15,158.4,145.54,144.97,144.73,144.24
2000-12-01,156.3,156.28,146.78,146.56,127.64,127.44,172.35,172.84,141.49,141.64,133.35,133.61,141.71,141.41,159.06,159.24,145.04,144.79,145.16,145.09
2001-01-01,156.4,156.87,148.06,147.53,128.02,127.92,173.68,174.58,142.34,143.1,134.14,134.76,142.43,142.22,160.08,160.56,145.15,145.55,145.78,146
2001-02-01,157.45,157.56,148.32,148.23,128.46,129.18,174.92,175.7,143.53,145.01,135.82,136.32,142.86,142.55,160.57,161.28,146.88,146.97,146.73,147
2001-03-01,158.57,158.05,148.64,148.36,129.72,130.01,176.08,176.02,145.52,146.25,137.71,137.55,144.54,144.12,162.35,161.93,147.26,146.8,148.05,147.8
2001-04-01,159.8,158.83,149.27,148.7,130.67,130.73,177.05,176.5,147.53,147.36,138.93,138.54,145.74,144.92,164.39,163.67,148.94,147.76,149.34,148.67
2001-05-01,161.19,159.33,150.52,149.67,132.42,131.63,178.78,177.96,150.33,149.49,140.5,139.34,146.4,145.32,165.69,164,148.99,147.64,150.57,149.32
2001-06-01,161.97,159.78,150.95,149.45,135.11,132.99,179.71,178.38,152.79,150.46,141.4,140.08,147.65,146.18,166.85,164.67,149.87,148.42,151.81,150.05
2001-07-01,162.6,160.31,150.89,149.69,135.99,133.85,179.7,178.61,154.66,151.96,142.16,140.91,148.99,147.49,168.05,165.72,150.65,149.03,152.67,150.87
2001-08-01,162.91,160.81,151.28,150.11,137.52,135.45,180.41,179.24,156.27,154.13,143.08,141.92,149.52,148.25,168.02,165.96,150.29,148.67,153.25,151.6
2001-09-01,163.26,161.54,151.61,150.56,138.12,136.36,179.97,179.13,156.87,154.79,144.14,143.24,149.92,148.65,168.65,167.05,150.97,149.87,153.77,152.39
2001-10-01,163.97,162.53,152.64,151.68,138.33,137.19,180.56,180.08,157.36,155.83,144.42,143.99,150.99,149.95,169.24,168.11,151.14,150.18,154.36,153.32
2001-11-01,163.43,162.77,152.11,151.53,139.47,138.54,181.47,181.37,157.31,156.88,144.68,144.7,150.72,150.24,168.73,167.95,150.76,150.24,154.33,153.79
2001-12-01,163.34,163.34,152.07,151.84,139.25,139.03,181.26,181.74,158.73,159.01,146.14,146.4,151.8,151.51,169.41,169.6,151.14,150.85,154.86,154.78
2002-01-01,163.68,164.25,152.99,152.5,140.62,140.48,181.76,182.72,159.5,160.46,147.08,147.9,152.42,152.29,169.38,169.96,150.23,150.7,155.36,155.67
2002-02-01,164.17,164.4,151.94,151.88,140.95,141.59,182.86,183.77,160.81,162.52,148.47,149.03,154.06,153.8,169.51,170.32,151.66,151.81,156.24,156.56
2002-03-01,165.7,165.25,153.65,153.45,142.72,143.09,184.28,184.31,162.05,162.73,150.88,150.84,154.69,154.29,171.84,171.43,153.06,152.55,157.79,157.57
2002-04-01,166.58,165.56,153.62,153.05,144.31,144.41,185.47,184.92,166.05,165.71,152.66,152.32,156.18,155.33,172.81,172.08,153.87,152.63,159.11,158.4
2002-05-01,168.1,166.12,154.43,153.58,146.92,146.08,186.28,185.44,168.31,167.21,155.77,154.53,157.58,156.36,174.62,172.8,154.61,153.17,160.83,159.48
2002-06-01,169.36,167.01,155.43,153.81,149.26,147.01,187.39,185.92,172.17,169.62,158,156.54,158.85,157.26,176.25,173.93,155.12,153.56,162.4,160.49
2002-07-01,169.83,167.37,155.51,154.16,150.94,148.62,188.16,186.88,175.52,172.44,160.14,158.58,159.89,158.21,176.98,174.41,155.37,153.75,163.47,161.49
2002-08-01,170.27,167.98,156.84,155.46,152.53,150.23,189.84,188.51,175.78,173.4,161.8,160.37,160.49,159,177.48,175.3,155.77,154.09,164.38,162.54
2002-09-01,170.63,168.78,156.16,155.07,153.42,151.44,189.41,188.43,177.31,174.81,162.82,161.63,162.21,160.79,177.86,176.1,156.03,154.87,165.08,163.53
2002-10-01,170.67,169.11,157.47,156.38,154.26,152.95,190.71,190.14,178.52,176.75,164.57,164.04,162.72,161.58,178.03,176.81,156.44,155.4,165.83,164.66
2002-11-01,171.14,170.46,157.24,156.69,154.91,153.81,190.95,190.86,179.34,178.89,165.12,165.1,163.27,162.67,178.41,177.63,156.26,155.78,166.21,165.62
2002-12-01,170.59,170.62,157.29,157.08,156.43,156.23,191.8,192.34,179.29,179.73,166.5,166.82,164.31,164.03,179.08,179.3,156.99,156.65,166.88,166.83
2003-01-01,171.06,171.8,157.85,157.45,157.39,157.2,191.84,192.95,180.29,181.59,167.91,169.1,164.71,164.7,179.32,180.01,156.61,157.14,167.41,167.85
2003-02-01,171.66,172.05,158.86,158.93,158.53,159.12,192.57,193.64,180.51,182.45,170.19,170.81,166.36,166.18,179.78,180.61,157.08,157.28,168.5,168.9
2003-03-01,172.75,172.4,158.95,158.83,159.12,159.53,194.42,194.58,182.63,183.14,172.01,172.14,167.27,166.83,181.89,181.48,157.93,157.35,169.66,169.46
2003-04-01,174.21,173.1,159.97,159.38,161.01,161.09,196.14,195.54,186.27,185.69,174.63,174.33,168.73,167.84,182.29,181.56,158.81,157.59,171.26,170.51
2003-05-01,175.95,173.77,160.6,159.7,163.41,162.49,197.2,196.27,187.44,186.02,177.2,175.79,170.51,169.12,184.17,182.22,159.63,158.06,172.94,171.42
2003-06-01,176.73,174.18,162.13,160.38,165.63,163.21,198.68,197.02,190.69,187.88,178.71,176.99,172.13,170.35,185.61,183.12,160,158.27,174.36,172.25
2003-07-01,177.67,175,162.43,160.92,167.28,164.78,200.31,198.8,191.75,188.42,181.37,179.41,173.62,171.8,186.9,184.07,160.55,158.93,175.69,173.51
2003-08-01,178.28,175.76,163.22,161.69,169.41,166.85,201.11,199.53,193.29,190.78,184.1,182.34,174.22,172.46,187.63,185.27,161.26,159.53,176.85,174.78
2003-09-01,178.33,176.35,163.64,162.52,170.85,168.7,202.78,201.65,196.63,193.87,186.35,184.8,175.53,173.93,188.12,186.2,161.59,160.34,177.93,176.21
2003-10-01,178.79,177.15,163.86,162.82,170.88,169.39,203.28,202.59,197.11,195.29,188.79,188.19,176.28,175.04,188.06,186.75,161.05,159.94,178.48,177.21
2003-11-01,178.66,177.99,163.17,162.61,172.07,170.88,203.78,203.71,198.27,197.8,191.05,190.99,177.53,176.76,189.09,188.31,161.17,160.72,179.25,178.61
2003-12-01,178.83,178.94,163.94,163.73,173.5,173.32,205.37,206.01,199.17,199.86,193.47,193.95,178.2,177.94,188.16,188.45,161.81,161.49,180.1,180.1
2004-01-01,177.76,178.7,164.43,164.25,174.29,174.1,206.94,208.32,199.18,200.77,195.39,197.09,179.74,179.93,189.02,189.92,160.96,161.45,180.63,181.26
2004-02-01,179.58,180.16,165.53,165.67,176.22,176.78,207.7,209.02,200,202.12,198.23,198.91,181.02,180.96,189.8,190.57,162.12,162.39,182.16,182.64
2004-03-01,180.74,180.52,165.5,165.41,176.52,176.93,210.65,210.88,203.1,203.32,202.63,202.94,183.52,182.97,191.75,191.35,164.18,163.56,184.18,183.98
2004-04-01,182.33,181.12,167.01,166.25,179.47,179.51,214.88,214.15,206.6,205.64,206.22,205.85,185.8,184.76,192.27,191.49,165.08,163.91,186.38,185.51
2004-05-01,184.19,181.73,167.99,166.92,182.62,181.55,216.61,215.45,209.16,207.18,212.39,210.67,188.66,187.02,195.26,193.14,166.01,164.31,189.03,187.27
2004-06-01,185.36,182.52,170.26,168.35,186.06,183.4,221.04,218.99,213.46,210.33,217.8,215.64,190.91,188.82,196.53,193.82,167.06,165.15,191.6,189.2
2004-07-01,186.1,183.19,170.95,169.23,187.57,184.86,223.17,221.29,215.77,212.23,221.96,219.34,193.17,191.19,197.55,194.41,166.78,165.07,193.17,190.72
2004-08-01,186.62,183.82,171.39,169.73,188.74,185.82,224.64,222.69,216.41,213.65,224.63,222.43,195.32,193.21,198.03,195.47,167.76,165.89,194.45,192.08
2004-09-01,186.13,184.01,171.17,169.95,189.61,187.35,228.01,226.69,218.77,215.84,227.73,225.63,197.18,195.38,198.25,196.1,168.01,166.69,195.53,193.59
2004-10-01,186.58,184.87,171.6,170.66,192.01,190.29,228.35,227.56,219.13,217.32,229.26,228.59,198.63,197.26,198.43,197,167.99,166.81,196.42,195.05
2004-11-01,186.32,185.71,171.56,170.93,193.35,192.12,230.6,230.64,217.9,217.42,233.1,233.04,199.97,199.08,199.39,198.66,168.72,168.27,197.49,196.82
2004-12-01,186.01,186.27,173.44,173.25,194.15,194.04,231.83,232.75,219,219.84,236.52,237.32,201.78,201.6,198.18,198.6,168.72,168.45,198.44,198.56
2005-01-01,185.9,187.1,173.02,173.11,195.44,195.23,233.52,235.41,219.85,221.69,236.93,239.25,203.8,204.3,197.95,199.14,168.91,169.43,199.1,199.98
2005-02-01,185.66,186.41,174.5,174.73,195.3,195.85,239.03,240.58,222.04,224.32,242.35,243.05,205.86,205.94,199.56,200.28,169.73,170.08,200.85,201.41
2005-03-01,187.96,187.85,175.98,175.96,197.66,197.99,242.36,242.67,225.03,224.81,247.21,247.8,209.74,208.99,201.33,200.98,171.35,170.73,203.64,203.43
2005-04-01,190.01,188.73,177.35,176.41,199.88,199.82,248.17,247.33,227.51,226.14,252.15,251.67,212.45,211.07,203.75,202.81,172.7,171.6,206.3,205.27
2005-05-01,191.62,188.85,178.46,177.11,201.67,200.29,252.44,250.87,230.92,228.46,258.26,256.2,216.01,214,205.42,203.14,174.44,172.61,209.03,206.94
2005-06-01,192.39,189.19,180.1,177.98,205.75,202.81,256.75,254.1,231.34,227.86,262.36,259.58,220,217.4,206.74,203.74,175.87,173.69,211.55,208.73
2005-07-01,192.91,189.71,181.52,179.57,209.59,206.65,259.71,257.33,233.6,230.01,266.98,263.56,222.32,220.03,207.84,204.41,176.83,174.94,213.64,210.83
2005-08-01,193.03,189.92,182.25,180.49,210.61,207.3,264.18,261.71,233.55,230.65,270.33,267.66,225.33,222.78,208.04,205.22,177.12,175,215.08,212.34
2005-09-01,193.65,191.45,182.52,181.16,211.89,209.57,267.06,265.56,235.1,232.26,274.46,271.81,226.71,224.65,208.1,205.77,177.93,176.55,216.42,214.3
2005-10-01,193.39,191.68,183.7,182.87,211.95,210.02,269.54,268.74,233.84,232.16,273.95,273.16,228.04,226.45,208.29,206.64,179.48,178.22,217,215.51
2005-11-01,192.39,191.89,185.37,184.63,212.9,211.7,270.8,271.04,233.57,233.19,274.28,274.32,230.15,229.21,208.13,207.49,179.61,179.13,217.53,216.89
2005-12-01,191.3,191.78,186.29,186.15,212.61,212.52,272.34,273.75,230.11,231.03,276.83,278.07,231.22,231.14,208.08,208.65,180.56,180.46,217.91,218.2
2006-01-01,190.96,192.42,187.47,187.88,214.23,214.06,273.68,276.19,230.28,232.2,275.81,278.74,232.7,233.55,208.25,209.79,181.02,181.61,218.44,219.6
2006-02-01,191.48,192.41,187.71,188.02,212.89,213.48,277.1,278.73,230.64,232.89,280,280.67,232.91,233.09,208.93,209.65,182.12,182.55,219.34,219.97
2006-03-01,192.39,192.38,189.35,189.39,215.13,215.28,280.06,280.54,233.04,232.41,279.87,280.68,235.83,234.87,210.31,210.15,183.91,183.32,221.07,220.84
2006-04-01,194.56,193.31,191.15,190.03,216.16,215.97,281.67,280.63,233.16,231.44,281.34,280.75,237.3,235.52,211.58,210.38,184.43,183.34,222.47,221.26
2006-05-01,195.94,192.83,192.96,191.25,217.64,215.88,285.36,283.19,234.32,231.63,283.39,281.27,238.26,235.87,213.21,210.71,187.24,185.24,224.26,221.84
2006-06-01,195.88,192.33,194.17,191.66,219.36,216.28,286.71,283.35,234.56,231.03,283.63,280.53,239.3,236.21,214.22,210.84,188.06,185.5,225.04,221.83
2006-07-01,195.89,192.46,194.51,192.32,217.84,214.81,286.5,283.52,233.37,230.06,282.49,278.64,238.92,236.27,215.19,211.53,188.42,186.19,224.78,221.67
2006-08-01,195.33,192,195,193.13,219.87,216.31,287.66,284.78,232.19,229.39,281.47,278.67,240.23,237.46,214.88,211.82,189.87,187.41,225.24,222.27
2006-09-01,194.44,192.17,195.05,193.48,218.06,215.85,286.26,284.75,230.51,228.08,280.1,277.34,240.04,237.77,213.97,211.52,189.82,188.39,224.45,222.24
2006-10-01,193.34,191.69,194.92,194.03,218.28,216.25,288.8,288.02,229.15,227.65,276.22,275.28,240.52,238.85,213.53,211.57,190.46,189.06,224.04,222.47
2006-11-01,191.4,190.94,195.87,195.01,217.42,216.31,289.01,289.34,228.57,228.25,276.17,276.32,240.88,240.01,213.22,212.63,191.11,190.56,223.74,223.13
2006-12-01,191.17,191.89,196.61,196.6,215.6,215.46,288.13,290.03,226.29,226.95,274.08,275.55,240.12,240.18,210.57,211.26,190.84,190.96,222.77,223.22
2007-01-01,191.04,192.7,195.64,196.33,216.47,216.34,287.33,290.09,226.12,227.96,274.08,277.2,238.53,239.65,211.14,213.07,191.92,192.69,222.62,223.99
2007-02-01,190.77,191.89,197.38,197.87,216.04,216.66,287.89,289.23,224.68,226.77,273.43,273.98,241.03,241.42,213.49,214.36,192.7,193.25,223.32,224.03
2007-03-01,191.78,191.98,198.67,198.92,217.75,217.74,290.96,291.81,228.93,228.11,277.38,278.36,241.78,240.77,214.41,214.56,194.19,193.7,225.04,224.92
2007-04-01,192.4,191.27,200.96,199.87,220.42,220.23,292.76,291.72,229.64,227.84,277.19,276.67,243.18,241.13,215.25,213.82,195.29,194.13,226.23,224.98
2007-05-01,193.68,190.31,201.22,199.18,220.37,218.28,292.33,289.65,230.72,228.04,274.77,272.83,242.77,240.14,216.4,213.67,196.92,194.76,226.5,223.87
2007-06-01,193.72,189.93,202.3,199.46,221.28,218.16,293.86,290.21,229.28,225.69,272.63,269.45,242.07,238.7,216.89,213.12,197.44,194.53,226.45,223.01
2007-07-01,192.18,188.61,201.48,199.09,220.6,217.49,292.35,289.02,228.22,225.11,270.56,266.7,239.09,236.21,217.08,213.32,198.06,195.47,225.19,221.92
2007-08-01,191.57,188.07,200.55,198.53,220.3,216.71,290.25,287.13,228.19,225.47,263.52,260.76,239.13,236.37,215.33,212.03,198.72,195.97,223.98,220.9
2007-09-01,189.06,186.79,201.18,199.44,218.39,216.42,286.36,284.95,225.49,223.41,260.78,258.17,237.45,235.19,215.99,213.55,197.64,196.19,222.26,220.1
2007-10-01,187.05,185.42,199.55,198.56,218.48,216.33,281.92,281.1,224.34,222.83,254.22,253.11,234.84,233.27,211.42,209.26,197.56,196.17,219.8,218.2
2007-11-01,185.15,184.57,199.74,198.76,216.45,215.42,279.18,279.52,221.9,221.42,247.71,247.85,231.43,230.6,211.14,210.55,196.22,195.64,217.34,216.71
2007-12-01,182.54,183.4,198.71,198.9,215.65,215.5,274.3,276.39,220.93,221.32,241.75,243.18,229.03,229.18,209.7,210.41,196.3,196.72,215.05,215.62
2008-01-01,180.35,182.08,195.32,196.24,214.65,214.72,270.81,273.28,218.39,220.01,236.38,239.19,226.19,227.49,206.83,209.11,194.83,195.79,212.33,213.8
2008-02-01,180.48,181.79,197.11,197.83,213.52,214.19,272.78,273.92,219.13,221.18,232.12,232.68,223.66,224.28,206.89,207.99,195.26,195.98,211.58,212.43
2008-03-01,180.33,180.87,196.96,197.57,213.61,213.65,269.97,271.26,218.34,217.73,224.46,225.25,223.65,222.9,207.81,208.38,195.4,195.06,210.48,210.58
2008-04-01,179.92,179.02,197.8,196.93,211.66,211.48,266.51,265.65,217.83,216.09,221.16,220.72,221.51,219.59,208.71,207.23,196.25,194.92,209.4,208.24
2008-05-01,180.85,177.47,198.96,196.79,213.93,211.74,265.99,263.25,216.05,213.48,216.89,215.36,217.47,214.89,207.98,205.25,197.06,194.81,208.53,205.94
2008-06-01,180.77,176.98,198.43,195.48,212.7,209.62,262.86,259.42,216.69,213.1,214.71,212.06,216.5,213.2,209.25,205.22,198.76,195.6,208.04,204.64
2008-07-01,179.44,175.85,197.04,194.46,212.23,209.03,258.71,255.34,214.69,211.81,210.72,207.5,213.52,210.67,207.91,204.15,198.15,195.25,206.02,202.77
2008-08-01,178.23,174.78,195.63,193.46,211.14,207.67,254.95,252.09,212.74,210.18,205.76,203.49,209.69,207.14,207.38,204.02,196.38,193.57,203.6,200.66
2008-09-01,174.26,172.03,194.39,192.61,210.33,208.49,251.04,249.67,210.53,208.73,201.73,199.6,205.89,203.78,204.56,202.22,197.11,195.67,200.92,198.89
2008-10-01,173.28,171.74,192.94,191.83,207.4,205.16,243.91,243.09,211.1,209.41,198.06,196.93,203.96,202.6,204.25,201.97,194.84,193.5,198.75,197.2
2008-11-01,169.61,168.79,191.75,190.83,205.94,204.97,237.6,237.8,206.95,206.14,192.5,192.45,197.81,197.01,198.24,197.56,191.51,190.89,194.42,193.72
2008-12-01,167.98,168.88,189.39,189.82,202.75,202.57,236.93,238.88,205.74,205.66,190.15,191.37,194.24,194.37,199.45,200.08,191.57,192.2,192.61,193.17
2009-01-01,170.22,172.13,189.45,190.49,202.5,202.7,237.69,239.8,206.88,208.16,186.65,188.98,197.46,198.68,199.66,202.2,191.31,192.48,193.24,194.73
2009-02-01,169.52,171.06,189.47,190.39,203.05,203.85,236.99,238.04,210.24,212.24,188.04,188.73,197.98,198.83,202.16,203.54,192.98,193.87,193.96,194.97
2009-03-01,168.8,169.72,189.12,189.94,203.22,203.45,229.62,231.12,208.11,207.86,185.69,186.42,195.6,195.11,199.14,200.12,193.75,193.52,192.34,192.68
2009-04-01,168.94,168.25,190,189.24,202.26,202.1,231.1,230.48,209.28,207.83,184.86,184.57,195.27,193.5,201.75,200.37,193.86,192.3,192.51,191.47
2009-05-01,172.73,169.34,191.24,188.8,203.6,201.4,230.98,228.32,206.98,204.39,185.31,183.95,196.35,193.74,202.86,200.07,195.42,193.09,193.9,191.33
2009-06-01,171.94,168.08,194.21,191.06,202.81,199.61,229.94,226.61,208.41,204.56,187.59,185.1,196.66,193.34,204.42,200.1,198.32,194.94,194.74,191.28
2009-07-01,170.6,166.87,191.7,188.68,203.62,200.27,229.41,225.96,207.71,204.73,187.92,184.87,196.56,193.59,203.44,199.4,196.03,192.84,194.01,190.63
2009-08-01,170.1,166.55,191.74,189.2,204.03,200.68,227.47,224.71,205.96,203.29,188.75,186.59,194.24,191.57,202.94,199.46,195.9,193.13,193.37,190.4
2009-09-01,169.4,167.07,188.31,186.37,201.4,199.56,224.56,222.99,205.63,203.81,187.63,185.63,195,192.79,201.58,199.23,194.38,192.94,192.24,190.17
2009-10-01,167.74,166.17,191.32,189.95,202.75,200.41,224.77,223.82,205.86,204.03,188.45,187.22,192.23,190.85,201.99,199.68,196.27,195,192.13,190.53
2009-11-01,168.55,167.47,190.19,189.26,201.46,200.42,223.9,223.96,204.71,203.58,189.47,189.34,192.94,191.98,201.01,200.16,194.25,193.56,191.95,191.1
2009-12-01,164.27,165.26,186.72,187.26,201.3,201.1,219.28,221.07,204.01,203.7,185.68,186.9,188.15,188.25,198.15,198.69,193.31,194.19,188.74,189.32
2010-01-01,162.98,165.14,186.27,187.4,200.28,200.66,219.94,221.65,201.21,202.4,183.34,185.78,189.04,190.27,194.37,197.12,192.46,193.89,187.74,189.33
2010-02-01,162.5,164.36,184.45,185.61,201.06,202.14,218.41,219.49,199.5,201.55,185.68,186.82,185.92,186.96,196.28,197.99,192.31,193.4,187.28,188.54
2010-03-01,163.33,164.53,184.01,184.94,199.75,200.29,217.31,218.97,201.82,202.03,185.77,186.51,188.09,187.74,196.51,197.76,192.9,192.7,187.84,188.34
2010-04-01,165.2,164.6,186.47,185.79,199.12,198.9,220.05,219.44,201.21,200.18,187.1,186.84,189.96,188.27,200.2,199,195.6,193.86,189.62,188.61
2010-05-01,168.21,164.78,188.8,186.18,201.43,199.25,219.65,216.87,204.45,201.67,189.21,187.66,188.94,186.18,202.64,199.8,198.28,195.87,191.31,188.61
2010-06-01,166.89,162.85,186.55,183.28,202.81,199.28,216.93,213.34,205,200.9,185.87,183.27,189.55,186.06,202.54,197.87,196.42,192.89,190.3,186.64
2010-07-01,165.95,161.92,186.87,183.6,201.91,198.18,215.78,212.02,203.7,200.38,186.19,183.02,186.69,183.56,198.75,194.36,196.16,192.79,189.1,185.47
2010-08-01,166.25,162.54,185.86,183.19,200.11,196.7,214.1,211.35,204.12,201.17,183.67,181.49,185.92,183.12,199.24,195.69,196,193.44,188.32,185.27
2010-09-01,163.17,160.64,184.27,182.19,198.61,196.6,210.42,208.64,201.47,199.53,182.54,180.6,182.75,180.52,196.6,194.18,192.26,190.86,185.69,183.52
2010-10-01,164.46,162.88,183.32,181.85,200.48,198.11,210.7,209.75,202.04,200.12,179.66,178.42,182.06,180.74,195.75,193.53,191.28,190.21,185.37,183.78
2010-11-01,163.08,161.83,183.3,182.58,198.16,197.01,205.35,205.41,200.68,199.3,178.87,178.71,181.74,180.78,193.69,192.68,191.03,190.39,184.11,183.22
2010-12-01,158.73,159.77,178.19,178.77,195.49,195.36,203.59,205.41,198.54,198.1,176.15,177.38,179.6,179.7,192.35,192.78,188.67,189.65,181.27,181.86
2011-01-01,156.82,159.19,179.1,180.26,193.7,194.23,203.42,205,198.9,200.1,172.26,174.73,176.05,177.25,187.51,190.31,188.17,189.67,179.11,180.75
2011-02-01,155.72,157.89,177.93,179.26,192.84,194.29,198.03,199.22,193.59,195.75,172.22,173.65,174.43,175.7,186.92,188.82,187.84,189.01,177.75,179.22
2011-03-01,153.29,154.63,176.17,176.92,191.62,192.44,196.85,198.53,192.43,193,171.39,172.01,173.57,173.27,187.02,188.26,188.23,187.88,176.68,177.2
2011-04-01,155.63,155.02,178.89,178.04,194.41,194.19,197.24,196.67,196.81,196.33,171.42,171.1,175.13,173.58,189,187.99,191.3,189.46,178.62,177.63
2011-05-01,159.07,155.78,180.49,177.58,193.68,191.49,199.2,196.5,197.62,194.59,171.55,169.82,176.44,173.64,191.01,188.22,191.62,189.17,179.95,177.22
2011-06-01,160.73,156.61,181.1,177.64,195.88,191.99,200.11,196.4,199.53,195.15,171.77,169.15,177.54,173.98,193.91,189.11,194.74,191.08,181.49,177.7
2011-07-01,162.31,158.03,183.31,179.76,196.25,192.35,200.93,197.26,197.72,193.99,172.96,169.87,176.75,173.46,195.19,190.4,192.68,189.18,181.83,178.04
2011-08-01,159.91,156.11,182.48,179.68,195.22,191.75,199.77,197.08,196.7,193.46,171.14,168.98,177.49,174.61,192.97,189.34,191.17,188.79,180.65,177.56
2011-09-01,159.57,156.93,179.93,177.7,193.78,191.67,201.52,199.66,196.98,195,171.57,169.77,179.06,176.86,193.29,190.81,191.41,189.88,180.84,178.61
2011-10-01,157.15,155.62,178.73,177.29,192.26,190.04,198.58,197.64,196.07,194.39,170.24,169.13,176.61,175.32,192.95,190.9,191.01,190.16,179.15,177.66
2011-11-01,159.17,157.93,178.81,178.21,189.87,188.69,198.84,198.91,195.72,194.32,169.7,169.55,175.9,174.98,193.22,192.08,192.54,191.92,179.29,178.39
2011-12-01,156.06,157.19,181.38,182.04,189.33,189.31,200.02,201.77,195.35,195.18,168.11,169.29,176.76,176.87,188.37,188.73,191.72,192.68,178.38,178.99
2012-01-01,153.81,156.38,175.95,177.12,189.8,190.55,198.16,199.6,191.92,193.26,167.42,169.85,174.09,175.42,190.14,193,188.68,190.18,176.51,178.23
2012-02-01,153.92,156.33,177.5,178.93,187.13,188.92,200.39,201.71,191.55,193.85,168.44,170.1,174.74,176.12,189.21,191.41,191.21,192.45,177.02,178.68
2012-03-01,156.01,157.39,181.07,181.49,189.86,190.96,204.32,205.98,192.51,193.36,171.59,172.02,177.17,176.86,191.28,192.44,194.77,194.19,179.75,180.23
2012-04-01,159.01,158.22,182.39,181.24,190.48,190.22,208.74,208.05,192.34,192.21,173.89,173.3,180.99,179.49,192.77,191.86,196.81,194.93,182.2,181.14
2012-05-01,162.75,159.41,185.47,182.3,193.08,190.8,213.89,210.95,196.68,193.28,177.33,175.22,182.62,179.58,196.95,194.08,197.74,195.1,185.16,182.22
2012-06-01,164.05,159.56,186.48,182.77,195.1,190.85,219.02,214.68,198.26,193.53,179.9,177.05,183.67,179.81,199.33,194.25,199.63,195.83,187.06,182.95
2012-07-01,164.18,159.56,185.84,182.18,194.53,190.4,220.55,216.47,197.69,193.42,179.68,176.35,184.23,180.64,201.23,196,201.03,197.32,187.45,183.34
2012-08-01,164.47,160.45,184.74,181.98,194.43,190.77,220.16,217.18,198.31,194.67,183.38,181.04,185.08,182.15,199.32,195.55,200.03,197.71,187.86,184.62
2012-09-01,163.62,160.77,184.13,181.79,194.62,192.38,221.37,219.3,196.99,194.91,182.48,180.7,185.54,183.37,198.11,195.52,200.61,198.94,187.64,185.32
2012-10-01,162.95,161.5,184.76,183.41,192.01,189.95,221.35,220.52,195.9,194.4,185.25,184.26,185.21,183.91,199.07,197.21,200.58,199.91,187.65,186.24
2012-11-01,161.75,160.58,184.19,183.7,193.17,192.04,223.17,223.46,197.6,196.35,186.38,186.36,184.99,184.23,199.33,198.24,201.23,200.78,187.9,187.1
2012-12-01,159.89,161.13,184.11,184.73,192.47,192.58,222.93,224.93,197.1,197.15,187.49,188.9,184.65,184.84,198.03,198.51,200.06,200.97,187.28,187.98
2013-01-01,159.79,162.68,182.92,184.12,190.95,191.83,224.99,226.74,195.36,196.83,189.36,192.09,185.16,186.65,196.84,199.72,200.97,202.48,187.46,189.34
2013-02-01,160.61,163.29,184.37,185.82,191.88,194.06,226.89,228.34,195.32,197.63,191.25,193.28,186.97,188.37,197.35,199.78,202.43,203.7,188.76,190.59
2013-03-01,163.57,164.79,187.13,187.02,192.72,193.92,231.48,232.93,199.3,200.16,196.7,196.98,190.73,190.17,200.62,201.55,205.63,204.68,192.2,192.48
2013-04-01,166.86,165.81,189.24,187.6,195.05,194.8,236.53,235.56,198.92,198.82,201.17,200.19,192.26,190.56,201.96,200.92,207.25,205.37,194.74,193.46
2013-05-01,169.88,166.44,191.49,187.95,197.81,195.24,240.22,236.88,204.14,200.29,205.89,203.23,196.33,192.93,205.15,202.06,210.22,207.29,198.28,194.99
2013-06-01,172.24,167.31,193.59,189.66,200.25,195.56,243.78,238.76,205.76,200.48,209.32,205.95,198.15,193.78,209.52,204.15,211.86,207.84,200.78,196.2
2013-07-01,173.47,168.45,191.6,187.8,201.24,196.79,245.27,240.93,206.95,202.02,213.01,209.06,199.51,195.39,209.98,204.34,211.07,207.16,201.84,197.3
2013-08-01,172.99,168.72,190.8,188,200,196.07,245.52,242.26,206.54,202.45,213.12,210.49,199.07,196,209.3,205.31,210.33,207.94,201.34,197.87
2013-09-01,172.34,169.36,194.18,191.68,198.63,196.24,246.03,243.85,203.84,201.6,214.41,212.63,198.46,196.23,208.82,206.17,211.12,209.36,201.34,198.9
2013-10-01,170.85,169.46,191.44,190.22,198.71,196.77,248.35,247.63,203.07,201.84,214.53,213.7,198.54,197.09,206.85,205.12,210.47,209.97,200.78,199.42
2013-11-01,170.44,169.48,189.5,189.03,198.34,197.28,245.18,245.69,202.74,201.7,214.01,214.2,198.14,197.52,207.05,206.12,210.69,210.47,200.2,199.55
2013-12-01,169.49,170.91,189.75,190.3,195.94,196.08,244.82,246.9,201.15,201.56,213.67,215.31,198.74,198.96,205.48,206.1,212.9,213.74,199.9,200.68
2014-01-01,168.27,171.41,188.7,189.77,196.09,197.1,247.27,249.19,201.8,203.45,213.95,216.87,197.65,199.2,205.13,207.85,212.31,213.83,199.51,201.47
2014-02-01,168.82,171.59,190.28,191.67,194.41,196.76,250.37,251.73,199.52,201.82,216.73,218.89,199.1,200.26,205.84,208.38,213.72,214.93,200.51,202.33
2014-03-01,171.18,172.08,191.69,191.13,195.87,197.07,249.69,250.63,205.03,205.75,219.86,219.85,201.69,200.81,208.92,209.47,216.71,215.44,202.95,202.91
2014-04-01,174.42,173.09,193.99,192.14,198.11,197.82,253.48,252.08,203.79,203.43,222.48,221.02,203.39,201.37,212.09,210.74,217.37,215.56,205.17,203.62
2014-05-01,176.24,172.68,195.93,192.34,201.21,198.39,256.09,252.42,209.89,205.87,224.74,221.65,205.94,202.24,213.37,210,219.41,216.14,207.57,204.01
2014-06-01,178.55,173.3,197.56,193.49,203.88,199.04,259.48,254.23,211.63,206.05,226.97,223.33,208.29,203.58,216.47,210.93,221.27,217.12,209.93,205.08
2014-07-01,179.6,174.42,197.56,193.81,203.33,198.71,258.23,253.91,212.09,206.71,228.77,224.61,208.76,204.3,217,211.22,223.4,219.39,210.64,205.89
2014-08-01,179.55,175.25,197.04,194.34,203.64,199.52,260.05,256.73,211.51,207.24,229.26,226.53,206.75,203.73,216.03,211.91,222.66,220.15,210.21,206.65
2014-09-01,178.41,175.38,196.51,194.07,200.84,198.39,259.54,257.52,209.34,206.99,228.05,226.43,206.9,204.65,214.88,212.26,223.05,221.18,209.36,206.89
2014-10-01,177.9,176.58,196.19,195.15,201.22,199.41,259.76,259.23,208.05,206.99,228.9,228.27,207.39,205.88,214.93,213.32,222.2,221.8,209.34,208.05
2014-11-01,176.8,176.09,197.54,197.22,200.97,200.05,260.09,260.57,208.23,207.49,229.14,229.5,208.28,207.76,215.27,214.5,223.38,223.33,209.6,209.08
2014-12-01,176.45,177.94,195.65,196.13,201.16,201.37,261.74,263.82,206.24,206.95,229.68,231.44,208.67,208.92,214.13,215.04,224.2,224.99,209.57,210.4
2015-01-01,174.02,177.24,197.78,198.74,199.23,200.21,263.32,265.27,205.6,207.29,230.24,233.17,206.47,207.95,212.24,214.73,224.44,225.97,208.64,210.55
2015-02-01,176.28,178.98,196.2,197.39,198.49,200.81,266.45,267.45,208.06,210.25,232.27,234.19,210.84,211.79,212.52,215.03,226.21,227.35,210.54,212.21
2015-03-01,178.53,179.05,200.89,199.95,201.4,202.43,267.15,267.38,210.01,210.54,235.89,235.52,213.54,212.42,215.92,216.06,228.58,227,213.32,212.93
2015-04-01,181.23,179.59,203.38,201.38,202.11,201.78,270.83,268.93,211.41,210.61,239.23,237.32,214.66,212.29,219.63,217.89,230.39,228.54,215.54,213.69
2015-05-01,184.48,180.78,203.62,200.02,205.84,202.81,274.93,270.9,215.63,211.49,241.95,238.53,218.15,214.2,222.34,218.62,234.12,230.46,218.73,214.91
2015-06-01,187.28,181.81,204.68,200.61,207.79,202.9,277.16,271.81,219.51,213.74,243.48,239.69,220.18,215.33,224.38,218.79,235.11,230.87,220.76,215.76
2015-07-01,186.56,181.38,204.58,200.79,209.07,204.33,280.97,276.63,218.65,213.08,245.78,241.64,220.97,216.31,225.3,219.51,236.27,232.26,221.59,216.76
2015-08-01,185.01,180.75,205.68,202.93,208.84,204.68,279.52,276.1,217.62,213.26,245.32,242.61,219.75,216.67,225.35,221.12,236,233.21,220.89,217.24
2015-09-01,185.57,182.61,204.92,202.63,207.2,204.68,280.21,278.36,215.65,213.25,245.31,243.83,220.46,218.22,224.02,221.5,236.04,234.07,220.76,218.31
2015-10-01,184.83,183.48,204.92,204.04,207.09,205.35,279.08,278.59,214.99,214.03,246.5,246.09,221.36,219.86,223.87,222.32,235.91,235.64,220.8,219.56
2015-11-01,184.96,184.46,205.25,204.85,206.01,205.14,283.38,283.66,214.53,213.95,248.41,248.87,221.35,220.81,223.55,222.86,235.27,235.3,221.11,220.63
2015-12-01,183.51,185.07,206.07,206.57,205.38,205.59,280.69,282.55,215.17,216.11,248.39,250.24,221.34,221.59,224.54,225.68,235.56,236.33,220.78,221.63
2016-01-01,182.54,185.8,207.19,207.96,203.85,204.8,281.98,283.92,215.97,217.61,247.25,250.1,222.26,223.7,224.08,226.41,235.63,237.18,220.63,222.5
2016-02-01,182.59,185,205.45,206.32,205.03,207.19,285.32,286.06,212.63,214.57,251.69,253.32,221.6,222.22,225.82,228.29,236.48,237.43,221.35,222.76
2016-03-01,186.58,186.79,208.87,207.63,206.6,207.44,290.08,289.64,216.15,216.45,255.57,254.8,226.18,224.83,226.91,226.61,242.23,240.46,225.17,224.47
2016-04-01,189.27,187.39,211.15,209.15,208.28,207.81,292.49,290.19,220.37,218.98,258.79,256.43,229.31,226.55,230.25,228.1,242.97,241.02,227.76,225.61
2016-05-01,192.2,188.4,213.59,210.04,212.55,209.41,296.66,292.31,222.72,218.55,260.75,257.01,231.33,227.06,232.54,228.51,246.28,242.25,230.57,226.52
2016-06-01,195.12,189.54,214.26,210.18,215.42,210.62,299.01,293.79,225.29,219.51,262.17,258.3,234.08,229.17,235.16,229.5,247.79,243.42,232.88,227.81
2016-07-01,195.45,190.3,215.83,211.8,215.57,210.8,299.13,294.75,225.73,220.13,264.14,260.06,235,230.28,237.23,231.41,249.21,245.25,233.86,228.98
2016-08-01,196.08,191.85,215.83,212.93,215.37,211.26,300.42,297,225.62,221.15,263.94,261.31,234.72,231.43,235.83,231.56,248.63,245.63,233.78,230.05
2016-09-01,195.34,192.37,216,213.79,214.71,212.12,300.68,298.86,226.19,223.65,265.67,264.19,235.16,232.8,236.02,233.52,248.14,246.08,233.87,231.37
2016-10-01,194.81,193.4,214.86,214,214.89,213.22,303.14,302.63,224.74,223.69,265.39,265.13,236.2,234.63,235.45,233.87,247.53,247.21,233.83,232.57
2016-11-01,194.34,193.94,215.55,215.06,214.9,214.05,302.83,302.86,226.23,225.62,267.06,267.59,235.52,234.83,236.37,235.78,248.49,248.43,234.1,233.59
2016-12-01,193.85,195.48,218.05,218.46,214.06,214.28,303.79,305.43,224.77,225.64,267.29,269.25,236.51,236.7,234.42,235.83,249.5,250.28,234.28,235.12
2017-01-01,192.16,195.42,213.83,214.35,213.35,214.2,304.15,306.26,225.42,226.8,267.81,270.52,235.37,236.56,234.06,236.35,249.82,251.4,233.45,235.2
2017-02-01,194.64,196.73,217.62,218.15,213.68,215.62,308.41,309.01,224.41,226.15,270.59,271.82,237.27,237.55,235.13,237.42,251.27,252.08,235.44,236.55
2017-03-01,198.52,198.42,220.93,219.5,214.84,215.34,312.81,311.72,229.15,229.16,275.54,274.32,240.65,239.11,239.55,238.83,254.07,252.14,239.02,237.99
2017-04-01,200.71,198.58,222.02,220.04,218.42,217.72,315.92,313.23,232.34,230.42,279.31,276.49,245.19,242.04,242.48,240.03,258.05,255.92,242.32,239.86
2017-05-01,203.46,199.52,224.78,221.27,221.15,217.87,320.71,316.09,234.23,230.04,282.95,278.9,246.57,242.05,246.61,242.26,261.48,257.25,245.2,240.94
2017-06-01,205.2,199.54,226.97,222.96,223.65,219.02,322.53,317.41,237.68,232.05,284.49,280.6,248.37,243.58,248,242.32,261.83,257.28,246.95,241.88
2017-07-01,206.24,201.11,228.64,224.31,225.14,220.46,324.13,319.5,238.87,233.33,285.38,281.46,249.36,244.74,248.93,243.12,262.53,258.6,248.06,243.19
2017-08-01,206.48,202.27,227.65,224.54,225.88,221.88,325.03,321.64,238.66,234.01,287.4,284.81,250.49,246.93,248.77,244.49,262.77,259.5,248.64,244.81
2017-09-01,205.83,202.77,226.66,224.53,225.87,223.11,325.74,323.73,237.85,235.16,288.78,287.27,249.84,247.31,247.3,244.76,263.7,261.49,248.48,245.85
2017-10-01,205.6,203.99,228.23,227.25,224.97,223.35,327.35,326.73,237.43,236.31,287.28,287.01,250.13,248.54,247.58,245.79,262.61,262.1,248.3,246.92
2017-11-01,205.26,204.96,227.4,226.76,224.25,223.27,331.29,331.13,237.45,236.72,289.78,290.38,250.93,250.08,248.84,248.3,264.69,264.51,249.13,248.54
2017-12-01,204.98,206.74,227.83,228.15,224.42,224.56,330.12,331.66,236.77,237.59,289.39,291.54,251.22,251.44,246.06,247.67,263.7,264.53,248.7,249.58
2018-01-01,205.31,208.59,228.92,229.3,225.44,226.21,332.97,335.38,237.19,238.37,291.17,293.81,252.37,253.35,249.04,251.47,262.6,264.19,249.69,251.38
2018-02-01,207.88,209.65,230.32,230.56,225.27,226.95,337.22,337.82,239.73,241.46,296.22,297.09,255.14,255,249.08,251.21,268.05,268.66,252.46,253.28
2018-03-01,210.28,209.96,233.59,232.08,229.47,229.7,342.16,340.54,240.39,239.99,298.68,297.07,258.12,256.25,254.34,253.17,269.76,267.77,255.48,254.16
2018-04-01,213.31,210.95,233.36,231.38,229.77,228.61,344.81,341.49,243.08,240.72,301.26,297.94,261.53,258.06,255.99,253.29,271.31,269.01,257.68,254.89
2018-05-01,215.64,211.52,238.91,235.44,232.88,229.36,349.19,344.11,247.4,243.13,303.05,298.65,264.27,259.41,259.43,254.71,273.54,269.29,260.66,256.15
2018-06-01,218.4,212.6,240.22,236.18,235.02,230.54,353.62,348.4,249.73,244.27,304.65,300.72,263.75,259.04,261.9,255.99,275.02,270.17,262.38,257.24
2018-07-01,218.54,213.37,240,235.43,236.49,231.83,353.21,348.02,249.72,244.16,305.19,301.45,266.08,261.45,263.95,258.03,274.96,271.03,263.22,258.29
2018-08-01,218.62,214.45,240.62,237.37,235.34,231.56,354.23,350.72,250.41,245.61,306.83,304.25,266.83,262.85,261.94,257.58,276.18,272.81,263.57,259.63
2018-09-01,218.43,215.19,239.27,237.13,235.13,232.31,355.25,352.95,248.97,246.07,305.47,304.01,266.02,263.27,260.85,258.09,274.71,272.26,262.82,260.02
2018-10-01,218.46,216.71,240.57,239.28,233.87,232.2,355.13,354.43,249.71,248.51,304.65,304.41,264.57,262.86,261.61,259.64,274.71,274.02,262.48,260.98
2018-11-01,216.78,216.6,242.18,241.41,235.9,234.8,357.22,357.12,248.59,247.84,304.69,305.47,266.62,265.66,261.24,260.86,276.67,276.5,263.19,262.61
2018-12-01,215.76,217.69,240.81,241.06,235.09,235.24,355.45,357.19,248.39,249.17,303.87,306.36,266.82,267.11,259.99,261.79,275,275.93,262.33,263.31
2019-01-01,215.37,218.59,241.84,242.22,235.96,236.69,359.11,362.07,248.5,249.52,304.79,307.37,267.2,268.02,260.94,263.63,276.53,278.14,263.09,264.75
2019-02-01,218.69,220.18,244.02,244.04,235.2,236.62,359.89,360.58,250.62,252.42,306.9,307.36,268.81,268.38,262.64,264.57,277.48,278.02,264.78,265.38
2019-03-01,221.06,220.55,245.77,244.17,237.07,236.99,363.68,361.67,252.17,251.27,311.15,309.14,271.72,269.56,267.32,265.73,281.47,279.61,267.82,266.24
2019-04-01,224.34,221.69,248.89,246.88,239.37,237.71,371.33,367.19,255.64,252.87,314.53,310.7,274.85,271.17,269,265.98,282.22,279.64,270.82,267.67
2019-05-01,227.26,222.94,250.52,247.01,242.97,239.06,373.42,367.82,258.37,253.84,317.21,312.49,278.25,273.13,271.34,266.21,285.46,281.27,273.75,268.98
2019-06-01,229.49,223.51,253.38,249.24,244.16,239.77,375.09,369.62,259.93,254.56,317.52,313.52,278.21,273.49,273.78,267.6,287.29,282.01,275.15,269.87
2019-07-01,229.85,224.57,254.48,249.57,245.11,240.52,378.56,372.87,261.01,255.4,318.92,315.45,279.05,274.39,274.62,268.55,286.62,282.56,275.98,270.96
2019-08-01,229.76,225.64,252.65,249.19,245.54,242.04,377.35,373.83,262.33,257.41,319,316.49,279.28,275.06,274.58,270.12,287.09,283.67,275.98,271.98
2019-09-01,229.87,226.43,254.97,252.8,245.23,242.4,379.7,377.22,260.3,257.22,318.96,317.59,281.2,278.38,274.64,271.64,286.99,284.25,276.54,273.62
2019-10-01,229.13,227.29,254.81,253.21,245.84,244.12,380.3,379.64,259.94,258.61,319.74,319.46,281.6,279.78,274.93,272.78,287.25,286.29,276.7,275.05
2019-11-01,230.06,229.96,253.55,252.61,246.91,245.64,381.22,381.51,261.64,260.97,320.49,321.57,282.08,281.02,274.35,274.22,287.22,287.16,277.18,276.64
2019-12-01,228.35,230.45,256.92,257.23,247.19,247.36,384.65,387.07,261.79,262.65,320.62,323.44,282.49,282.92,275.32,277.31,289.34,290.4,277.76,278.92
2020-01-01,228.64,231.86,257.94,258.52,247.57,248.35,386.52,390.25,263.45,264.53,323.18,325.86,285.07,285.9,274.2,277.33,289.82,291.43,278.91,280.67
2020-02-01,232.27,233.61,260.15,260.03,249.28,250.5,392.15,393.04,264.32,266.4,327.25,327.41,288.86,288.22,277.91,279.67,291.63,292.08,282.09,282.53
2020-03-01,235.62,234.96,262.57,260.84,250.95,250.7,396.98,394.56,267.75,266.28,331.23,328.67,289.96,287.42,281.04,279.15,294.62,292.89,284.87,283.01
2020-04-01,237.75,234.82,264.65,262.52,252.95,250.78,399.37,394.22,270.13,266.94,333.89,329.45,291.86,288.02,284.52,281.05,296.42,293.52,287.11,283.57
2020-05-01,239.16,234.55,266.11,262.44,254.85,250.44,399.16,392.83,269.45,264.54,331.88,326.73,293.53,288.04,285.34,279.61,297.83,293.55,288,282.85
2020-06-01,242.6,236.27,268.92,264.53,255.96,251.54,404.5,398.48,273.71,268.13,336.38,332.07,296.3,291.33,289.46,282.83,302.69,296.78,291.53,285.9
2020-07-01,245.93,240.37,273.49,268.12,260.26,255.47,411.22,404.72,279.53,273.63,340.38,336.96,299.66,294.75,292.57,286.12,302.93,298.48,295.09,289.76
2020-08-01,248.25,244.08,275.59,271.8,264.94,261.57,415.78,412.04,283.9,278.78,345,342.43,304.27,299.76,296.37,291.63,307.11,303.59,298.98,294.82
2020-09-01,251.56,247.74,279.15,276.8,268.99,266.14,423.58,420.86,287.97,284.61,350.29,349.07,306.92,303.95,299.57,296.21,309.91,306.77,302.74,299.58
2020-10-01,253.39,251.49,281.4,279.36,271.79,269.88,428.17,427.55,292.74,291.29,354.82,354.56,311.31,309.24,301.97,299.62,312.67,311.34,306.01,304.15
2020-11-01,254.25,254.19,283.47,282.33,274.57,273.15,433.89,434.74,295.22,294.87,359.14,360.71,314.13,312.97,301.76,302.09,313.11,313.3,308.19,307.75
2020-12-01,255.33,257.76,286.41,286.71,276.08,276.4,438.52,441.93,297.13,298.21,361.26,364.69,316.37,317.05,302.93,305.14,316.18,317.47,310.32,311.75
2021-01-01,256.68,260.13,288.05,288.81,279.24,280.26,443.78,448.63,300.15,301.51,365.46,368.51,320.02,321,305.07,308.9,319.35,321.11,313.28,315.32
2021-02-01,260.25,261.69,292.34,292.01,279.7,280.83,453.7,454.74,300.97,303.64,374.66,374.61,324.18,323.38,309.52,311.2,324.82,325.32,317.9,318.28
2021-03-01,265.51,264.65,297.62,295.51,285.59,285.11,466.3,462.95,311.47,309.15,383.56,380.1,333.29,330.14,316,313.79,330.72,329.01,325.29,322.97
2021-04-01,271.89,268.42,303.91,301.4,293.67,290.83,481.15,474.13,319.31,315.16,393.17,387.51,338.81,334.3,321.92,317.69,338.13,334.51,332.76,328.4
2021-05-01,277.68,272.25,310.84,306.42,299.33,293.79,492.73,484.45,327.93,321.66,403.24,396.8,346.53,340,330.94,323.97,343.58,338.62,340.21,333.97
2021-06-01,283.85,276.38,317.29,312.04,302.1,296.93,506.04,498.16,332.8,325.97,408.87,403.5,353.98,347.96,335.63,327.87,352.09,344.79,346.78,339.96
2021-07-01,285.8,279.4,323.75,317.25,306.66,301.09,515.26,506.86,337.88,330.81,414.12,410.18,360.78,354.85,338.62,331.16,357.03,351.59,351.73,345.38
2021-08-01,285.95,281.4,326.65,322.05,305.7,302.14,521.23,516.68,336.25,330.37,418.08,415.17,366.84,361.54,339.14,333.84,359.15,355.11,354.08,349.33
2021-09-01,287.84,283.4,328.57,325.73,307.71,304.61,524.82,521.53,340.41,336.41,419.49,418.22,368.72,365.28,340.96,337.02,365.68,361.88,356.73,353.03
2021-10-01,289.14,287.08,333.74,331.09,311.29,309.09,529.52,528.85,339.42,337.58,424.82,424.55,373.15,370.58,342.62,340.02,366.97,365.05,359.79,357.55
2021-11-01,290.26,290.22,338.61,337.21,312.41,310.77,534.44,535.99,341.54,341.4,427.39,429.54,379.2,377.82,341.93,342.81,370.65,371.11,362.75,362.37
2021-12-01,291.66,294.47,340.22,340.48,313.43,313.94,541.56,546.56,346.84,348.13,432.14,436.33,383.1,384.09,345.86,348.43,374.25,375.9,365.99,367.78
2022-01-01,294.33,298.17,345.03,346.21,318.01,319.31,547.63,554.17,348.36,349.96,439.79,443.48,389.07,390.37,347.42,352.13,379.42,381.58,370.64,373.14
2022-02-01,300.08,301.76,351.83,351.29,323.39,324.52,564.29,565.65,354.27,357.65,449.4,449.16,400.89,399.91,356.3,358.05,385.26,385.86,378.96,379.35
2022-03-01,306.59,305.47,359.09,356.46,328.78,328.2,581.79,577.11,364.92,361.58,458.54,453.89,409.95,405.85,361.82,359.27,391.6,389.77,386.95,384
2022-04-01,313.19,309.12,362.88,359.78,335.01,331.48,594.46,585.21,375.47,370.22,466.19,459.17,419.66,414.03,371.74,366.54,403.12,398.57,395.5,390.1
2022-05-01,319.63,313.32,370.55,365.21,341.61,335,601.82,591.31,381.47,374.01,467.2,459.59,428.13,420.09,378.17,369.85,411.47,405.46,402.16,394.63
2022-06-01,320.42,311.95,375.17,368.96,344.8,338.85,596.7,587.21,379.93,372.02,463.76,457.5,431.43,423.98,377.28,368.39,413.66,404.8,403.13,395.07
2022-07-01,319.18,312.04,376.47,368.77,343.17,336.92,592.34,582.46,377.4,369.34,455.48,451.17,428.53,421.44,377.18,368.84,410.34,403.85,400.47,393.16
2022-08-01,316.49,311.56,372.69,367.35,338.53,334.76,577.08,571.92,376.35,369.81,450.38,447.33,426.2,420.04,374.34,368.54,407.49,402.94,396.59,391.3
2022-09-01,317.73,312.78,376.76,373.48,339.33,336,574.2,570.58,372.03,367.49,449.54,448.28,425.86,421.95,374.17,369.76,406.81,402.39,396.61,392.46
2022-10-01,314.5,312.33,373.83,370.81,338.42,336,573.62,572.88,374.59,372.35,446.03,445.75,425.95,422.89,372.27,369.55,406.72,404.44,395.16,392.65
2022-11-01,313.47,313.46,370.52,369.12,340.74,339.07,565.69,567.39,369.28,369.15,438.16,440.45,425.5,423.9,370.11,371.38,405.73,406.33,392.96,392.61
2022-12-01,311.68,314.65,373.04,373.41,336.47,337.18,559.51,564.87,366.17,367.49,435.37,439.61,423.18,424.27,367.75,370.55,403.19,405.11,390.51,392.47
2023-01-01,310.91,314.91,371.49,373.11,336.32,337.77,557.91,564.71,372.97,374.67,434.36,437.93,425.38,426.78,366.63,371.74,398.71,401.13,390.09,392.76
2023-02-01,315.25,317.06,378.93,378.54,339.48,340.64,570.36,571.65,375.05,378.71,437.7,437.31,427.83,426.74,374.45,376.14,406.28,407.01,395.13,395.52
2023-03-01,323.03,321.81,381.98,379.27,344.37,343.72,569.12,564.03,385.77,381.91,444.54,439.75,435.25,430.65,380.96,378.16,410.03,408.32,401.15,397.98
